"Id_patientsDataSet","BIRTHDATE_patientsDataSet","DEATHDATE_patientsDataSet","SSN_patientsDataSet","PREFIX_patientsDataSet","FIRST_patientsDataSet","LAST_patientsDataSet","GENDER_patientsDataSet","CITY_patientsDataSet","STATE_patientsDataSet","ZIP_patientsDataSet"
"34a210f9-5ce1-ad63-790f-e404455e3e18","1993-11-11","","999-17-3914","Mr.","Alexis664","Heathcote539","M","Forestdale","Massachusetts",2644
"0fe22cec-1a19-99da-b67f-7ce364c4cf3e","1987-08-02","","999-31-9665","Mrs.","Mariel814","Lang846","F","Cambridge","Massachusetts",2472
"b1f7b5a9-5cf5-6050-b23c-81027f53bdfd","1989-03-05","","999-86-4327","Mrs.","Luetta803","Dickens475","F","Walpole","Massachusetts",2081
"1f2aa6c9-41bd-aa05-9da3-e557d8949816","1993-02-02","","999-34-4274","Mrs.","Kittie678","Braun514","F","Quincy","Massachusetts",2169
"80e114d1-013b-b546-7aba-17eb360dde04","1999-10-27","","999-36-2412","Ms.","Jin479","Ward668","F","Williamsburg","Massachusetts",0
"bc5d2ab0-ef61-ff19-87cd-0c586ec0422a","1982-06-30","","999-86-9908","Mr.","Richie600","Feil794","M","Lawrence","Massachusetts",1843
"2c489dce-38c7-4b0a-d7e2-5101383d93a1","2001-12-30","","999-23-9442","Mr.","Dino214","Shanahan202","M","Boston","Massachusetts",2126
"bddb802b-a1f0-15c6-0d69-3b7511a9fd5f","2019-11-07","","999-48-7514","","Ulysses632","McDermott739","M","Reading","Massachusetts",1867
"95559bb7-a9a3-104c-a710-e9a1e22b312e","1977-08-19","","999-92-6076","Mrs.","Pauline896","Weimann465","F","Greenfield","Massachusetts",1301
"446d8007-ae35-2994-77cd-c44d9f4286a6","2007-01-13","","999-69-3816","Ms.","Jadwiga271","Gerhold939","F","Southbridge","Massachusetts",1550
"edf2d260-9a0b-7668-ed7b-259b11812e09","1993-02-25","","999-12-5832","Ms.","Man114","Barrows492","F","Pepperell","Massachusetts",1463
"6f2973d9-7773-34eb-3a71-a52f287fe42c","2009-08-31","","999-98-8229","","Nicholas495","Gleichner915","M","Braintree","Massachusetts",2184
"64a0ba30-3b8a-2c31-851b-1102c0c7f9f7","1972-02-12","","999-16-9376","Mr.","Stanley702","Effertz744","M","Norton","Massachusetts",0
"96f92386-9454-2b53-655e-6d6f05d4bd58","2008-09-12","","999-77-1897","","Derick144","Crooks415","M","Tyngsborough","Massachusetts",0
"3061298e-7645-88b5-5ec8-35026a6abaf1","2004-04-21","","999-34-2486","Mr.","Jack927","Hessel84","M","Newton","Massachusetts",2472
"1165246e-1413-ae86-80b6-8762fda9cdb5","1979-01-07","","999-30-7101","Mrs.","Corine538","Ledner144","F","Norfolk","Massachusetts",0
"8a47af1c-1473-972e-d546-e343ce406498","1956-01-17","","999-27-2597","Mr.","Mervin111","Bradtke547","M","Franklin","Massachusetts",2038
"04bdf784-d292-2362-940a-22c7b4670801","1977-04-07","","999-90-9165","Mr.","Eduardo902","Herzog843","M","Pittsfield","Massachusetts",1201
"d552bc66-3eed-9e16-c327-bb8ad5fc8f22","1971-08-08","1995-04-01","999-99-9302","Ms.","Sue491","Kunde533","F","Somerville","Massachusetts",2144
"519b2f54-73d6-d05c-979e-4c81980a35b6","1986-01-15","","999-37-5571","Mrs.","Cassaundra447","Mohr916","F","Fitchburg","Massachusetts",1420
"37e8bf3b-c1f5-4cd9-8f36-df1a9686ddc1","1978-10-02","","999-92-6611","Mr.","Edwin773","Kerluke267","M","Cambridge","Massachusetts",2139
"e4d79ec8-bb2f-b4d3-f549-52f78695eb20","2000-09-25","","999-98-9274","Mr.","Derick144","Rath779","M","Boston","Massachusetts",2135
"32cc7738-283b-1bcb-673c-95e6f2e08243","1983-05-19","","999-23-9999","Mrs.","Débora815","Sandoval902","F","Springfield","Massachusetts",1103
"5441295d-d5de-6eca-2cb3-8ac957f57184","1971-08-08","","999-99-6310","Mrs.","Julian715","Hickle134","F","Somerville","Massachusetts",2138
"f22b8da6-2fc7-3e44-c67e-5dfcdc95b328","1956-01-18","","999-75-3270","Ms.","Rena430","Jacobi462","F","Boston","Massachusetts",2210
"e02da8c5-f570-012d-a26d-9c9bda60e4b4","1966-11-04","","999-70-4697","Mr.","Sal878","Rippin620","M","Westford","Massachusetts",0
"d0e02a1c-d2dd-136a-b1fb-5d29fc4aa89b","1946-12-04","2004-03-04","999-39-7314","Mr.","Stanton715","Beier427","M","Mashpee","Massachusetts",0
"21b06346-d3a6-7426-f4c4-88f2efb60bed","1992-08-31","","999-89-7711","Mrs.","Miss492","Renner328","F","Newton","Massachusetts",2462
"15b24c69-a3c5-ad1a-f94c-14f3630ef974","1960-01-07","","999-70-2249","Mrs.","Evelin941","Bogisich202","F","Leicester","Massachusetts",0
"909fc7dd-29b4-8489-352b-0dfb33194ebc","1946-12-04","2002-09-11","999-92-7384","Mr.","Jacinto644","Blick895","M","Mashpee","Massachusetts",0
"6838a64c-1662-8907-6102-6d7808bf2317","2007-12-07","","999-79-6243","","Malorie969","Dickinson688","F","Concord","Massachusetts",0
"fb478ab1-d2d9-5fe8-e0c4-1d2ecee443b8","1946-12-04","","999-53-4346","Mr.","Sammy219","Jenkins714","M","Mashpee","Massachusetts",0
"699ecb01-8d42-1de3-b43e-895f9b1834d6","1962-04-04","","999-84-1394","Mr.","Miles206","Denesik803","M","Pittsfield","Massachusetts",1201
"c545a770-7b56-237d-d7dd-93f05bf9191a","1991-05-30","","999-83-9787","Mrs.","Kizzie166","Bergstrom287","F","Leominster","Massachusetts",1453
"a3866d8b-808b-b351-857e-acba5c819cf7","1979-02-19","","999-18-5406","Ms.","Herma433","Walter473","F","Worcester","Massachusetts",1609
"d61fc9ea-a2e9-3c0c-e553-3a303ebfa956","2003-12-18","","999-59-8493","Ms.","Elicia233","Kuhic920","F","Worcester","Massachusetts",1545
"e03512d2-c699-31b8-2772-2b5f99ffdaf0","1972-07-22","","999-89-8959","Mrs.","Myrta75","Von197","F","Sudbury","Massachusetts",0
"1f7029ab-5c59-1dd6-4608-379a44503a7e","2024-03-21","","999-77-6289","","Lorrine765","Kunde533","F","Braintree","Massachusetts",2184
"5bc6b903-8fcd-c8ea-8be6-bf2351e1f78a","1936-11-10","","999-99-2398","Mr.","Marlon619","Quitzon246","M","Holyoke","Massachusetts",1040
"488bff1c-ccdc-f85f-a347-8bddf6c33568","1955-09-01","2020-12-24","999-62-2858","Mr.","Lupe126","Williamson769","M","Saugus","Massachusetts",1906
"c4c4909f-e436-536b-e4d9-e69009de73fd","1939-07-27","","999-81-7679","Mr.","Theodore876","Denesik803","M","Somerville","Massachusetts",2144
"491dd911-713e-05f2-b4a1-decaef39c3ae","2004-09-22","","999-31-4873","Mr.","Ken316","Ebert178","M","Amesbury","Massachusetts",1913
"f2691c9a-1a27-1bbf-51b5-c85830bd18f2","1996-04-11","","999-81-6089","Mr.","Hollis7","Gaylord332","M","Dracut","Massachusetts",0
"404b90e6-0a96-99d2-fe3a-95927fa6e09a","2005-05-14","","999-99-8535","Ms.","Kazuko67","Mertz280","F","Springfield","Massachusetts",1109
"d9ef5d3d-5f65-92fa-fede-c5aa4d2f125b","1965-04-21","","999-17-4766","Mrs.","Leonie332","Ruecker817","F","Agawam","Massachusetts",1001
"0f513626-2d46-1178-db47-491008ec76a3","1963-06-12","","999-90-4219","Mr.","Lucio648","Hermann103","M","Lenox","Massachusetts",1240
"f201fb88-915e-406b-4de5-ae097a3270f9","1955-09-01","","999-46-7041","Mr.","Stuart913","Konopelski743","M","Saugus","Massachusetts",1906
"25f8de45-8c01-1404-2de3-3ff28059fffd","2000-01-31","","999-21-6585","Ms.","Marylynn944","Quitzon246","F","Brockton","Massachusetts",2302
"3c0acc7b-7f6e-f130-a86e-99fc3ff1a620","1969-09-29","","999-90-4025","Mr.","Filiberto722","Raynor401","M","Amesbury","Massachusetts",1913
"b4cad395-ed6d-6de4-aa9d-c5a9d6dda1e2","2011-07-17","","999-61-1480","","Terese90","Bernier607","F","Leominster","Massachusetts",1420
"fca67b2e-5a90-b3df-0a00-15564834e477","1956-01-14","","999-90-8496","Mr.","Cliff504","Flatley871","M","South Hadley","Massachusetts",0
"d45d6e91-94e0-fa36-ca99-0693baf517d6","1962-07-19","","999-79-6400","Mr.","Ezra452","Champlin946","M","Tyngsborough","Massachusetts",0
"f7c82992-b397-769e-052a-573eb5607bd8","1979-08-14","","999-91-8704","Ms.","Allene83","Rau926","F","Lynn","Massachusetts",1902
"d3787410-0c1e-0073-c4a4-7b95aa2ca78d","1968-09-29","2023-02-10","999-28-7911","Mrs.","Velda682","Goodwin327","F","Haverhill","Massachusetts",1832
"1fa0abd8-05eb-1d9c-bd15-9ae7d591c713","1959-12-19","","999-29-1359","Mr.","Ezra452","Rosenbaum794","M","Woburn","Massachusetts",1890
"d6ee102f-866f-ec6f-17df-015631c71de9","1951-12-07","","999-61-9220","Mrs.","Rudy520","Lang846","F","Middleborough","Massachusetts",0
"2da6a59b-d1be-b5a2-5e70-48c7db89a7c0","2004-10-30","","999-15-1566","Mr.","Caleb651","Fay398","M","Provincetown","Massachusetts",2657
"f446ac76-8201-2f00-2c70-b234bcd6f5d6","1968-09-29","","999-77-6042","Mrs.","Tova870","Emmerich580","F","Haverhill","Massachusetts",1835
"4790ffeb-924e-cacc-3e3e-c752aee37827","2008-08-10","","999-30-2628","","Linwood526","Powlowski563","M","Shrewsbury","Massachusetts",0
"dbb59b5b-642e-c9b0-6787-12b69b4ff1f6","1924-12-03","2005-08-28","999-71-9216","Ms.","Claris36","Leffler128","F","Southwick","Massachusetts",0
"b36578e3-29e7-3496-5fa3-59bf52d8a372","1967-10-16","","999-42-7015","Mr.","Arturo47","Hegmann834","M","Attleboro","Massachusetts",2861
"8fe2ee0f-27ae-37f8-987a-5126e89b827c","1984-10-03","","999-44-8862","Mr.","Rick943","Wisozk929","M","Brockton","Massachusetts",2301
"42dae257-f944-0cd1-d7c4-9880a5b45c6d","1946-03-22","","999-67-2213","Mr.","Tony646","Borer986","M","Weymouth","Massachusetts",2188
"b5fbf7b4-8c2c-52f5-d0af-d8de281ff9b4","2014-03-07","","999-48-6201","","Arnoldo445","Kemmer137","M","Rockland","Massachusetts",0
"eaf8a2c8-3e09-dfe5-a828-c139e78b48df","1998-07-27","","999-65-6455","Mr.","Riley817","Abbott774","M","North Adams","Massachusetts",1247
"a8deb6f1-c1da-b680-8dd2-e12b89fa7721","1982-03-31","","999-66-9867","Ms.","Dulce933","Stokes453","F","Cheshire","Massachusetts",1225
"f7af6f8a-3a9a-b607-5a63-af75e9effba1","2007-01-25","","999-96-7058","Ms.","Violette536","Hessel84","F","Taunton","Massachusetts",2780
"5aa0741b-eea4-5450-9a16-c25f355931c8","1958-03-30","","999-45-8862","Ms.","Madison727","Feeney44","F","Norton","Massachusetts",0
"94e97d9b-e77d-ccd3-a24c-c6c5c0750e40","2013-07-29","","999-17-5296","","Rosa195","Sanabria449","F","Beverly","Massachusetts",1915
"e1051b07-ee28-4912-1559-a5811890cf1f","1988-03-04","","999-68-8876","Mrs.","Noreen211","MacGyver246","F","Dighton","Massachusetts",0
"ddbe98a8-6d73-0701-6624-0de91527b42f","1956-01-26","","999-33-6189","Mrs.","Beckie79","Hilpert278","F","Tyngsborough","Massachusetts",0
"f1db38b3-1c14-e6d3-289d-368d715a67a0","2005-04-07","","999-61-8392","Mr.","Jospeh459","Raynor401","M","Milford","Massachusetts",1757
"b2efcded-9bec-87b3-9067-ecd325b30a3a","1979-08-16","","999-17-5136","Mrs.","Machelle279","Little434","F","Stoneham","Massachusetts",2180
"7c69afcb-9c08-0167-5f8e-fcfe43af5840","1968-05-25","","999-61-4416","Mr.","Ernesto186","Anderson154","M","North Attleborough","Massachusetts",0
"cea9d2be-5954-5d19-7b09-3fe15d5ba1b1","1956-11-02","","999-11-5232","Ms.","Velva240","Green467","F","Westborough","Massachusetts",1581
"20f9774d-853f-67d7-b6b1-c08d6fddc9c0","1991-06-22","","999-41-3114","Mr.","Samuel331","Jakubowski832","M","Revere","Massachusetts",2151
"8ef0b4e7-33db-bfa3-6c37-0219bb2cf571","1986-04-12","","999-74-7573","Mrs.","Gertrude228","Considine820","F","Revere","Massachusetts",2151
"1871d3bf-072c-aabf-d872-d5355a5196be","1948-10-08","1984-03-17","999-41-4893","Mr.","Francisco472","Quintana711","M","Boston","Massachusetts",2121
"e6891d90-3830-8c3c-5d61-142cf5431658","1934-07-02","","999-44-8840","Mr.","Elbert916","Kris249","M","Lunenburg","Massachusetts",1462
"983b907a-20ab-06cb-48b8-acd879435fff","1948-10-08","2003-08-29","999-25-6757","Mr.","Carlos172","Amador986","M","Boston","Massachusetts",2108
"54ae922b-fb93-8393-8a0d-f5fb888dd04c","1996-12-17","","999-85-2710","Mrs.","Kate239","Dickens475","F","Holyoke","Massachusetts",1040
"be29325d-7e97-ac8b-4bb6-935099a7fede","1999-04-23","","999-42-1336","Ms.","Keila316","Hegmann834","F","Hanson","Massachusetts",2341
"30560261-36c5-3b57-9522-29ecb1a1aefb","1964-01-06","","999-66-5883","Mrs.","Jutta270","O'Conner199","F","Hinsdale","Massachusetts",0
"ddcb1f2d-4d4f-071c-6af0-b0ae8814e11d","1984-04-26","","999-95-4105","Mrs.","Kizzie166","Dickinson688","F","Lawrence","Massachusetts",1841
"5881de87-7675-2acf-1447-29642979c749","1948-10-08","2017-02-16","999-63-8055","Mr.","Gilberto712","de Anda129","M","Boston","Massachusetts",2111
"557a8799-1fca-b6a2-532c-9021b49e863d","1924-12-03","2000-07-06","999-90-6640","Mrs.","Daryl568","Lehner980","F","Southwick","Massachusetts",0
"3c1c2272-344d-eb8a-0ee6-9f4da2db2f2d","1990-12-11","","999-99-8396","Mr.","Lane844","Nicolas769","M","Lowell","Massachusetts",1854
"84f0577b-23f9-4c60-75ed-0d2c51e5c099","1984-09-30","","999-23-3896","Mr.","Darius626","Paucek755","M","Rehoboth","Massachusetts",0
"737d7d4c-7a48-798c-a4a8-2d075c15236e","1948-10-08","2020-02-23","999-58-9738","Mr.","Benjamín452","Ayala238","M","Boston","Massachusetts",2122
"e8eb65df-8551-27e0-688d-a13ec16177b3","1971-09-26","","999-27-1460","Mrs.","Betty470","Cole117","F","Lawrence","Massachusetts",1840
"27b5b9d1-c7a5-1391-ffc3-f804259f06f8","1924-12-03","1998-09-08","999-77-8863","Mrs.","Anna632","Ferry570","F","Southwick","Massachusetts",0
"f9c80336-9353-c5f7-21ad-d436800f604c","1961-02-06","","999-18-1427","Mr.","Claude750","Kilback373","M","North Adams","Massachusetts",1247
"7c2f5a19-087b-8b19-1070-800857d62e92","1948-10-08","","999-61-1647","Mr.","Andrés117","Prieto999","M","Boston","Massachusetts",2163
"9c57cb28-f025-eb5d-5018-749693f1cd46","1924-12-03","2007-06-29","999-84-8872","Ms.","Imelda608","Hagenes547","F","Southwick","Massachusetts",0
"0a5d638e-aeb9-5daf-ccfe-3fa63849546c","1995-11-14","","999-46-1479","Ms.","Delena885","Schmidt332","F","Boston","Massachusetts",2116
"0859da6e-2508-d245-e483-b698cab1e7a4","1975-09-27","","999-42-9960","Mr.","Glenn0","Larson43","M","Holyoke","Massachusetts",1040
"08ae06c3-a18b-9352-d94b-97eeb6a443e8","2006-08-11","2007-09-10","999-11-4598","","Jonnie215","Hamill307","F","Barre","Massachusetts",1005
"1145df21-dfa3-c969-48b8-656ee8521676","2006-08-11","","999-75-1648","Ms.","Indira327","Crist667","F","Barre","Massachusetts",1005
"84cdaec9-bfc7-1957-f84d-0dd728d73d8d","1979-09-19","","999-88-7469","Mr.","Trevor374","Beahan375","M","Springfield","Massachusetts",1020
"00df57ef-f14a-d64f-1363-ea5addcd65a1","1956-12-31","","999-57-9649","Mrs.","Nellie325","Herman763","F","Bedford","Massachusetts",1730
"46f3b98b-1e93-56e9-e70f-3fa1aec1a948","2017-06-24","","999-91-4773","","Micheal721","Goodwin327","M","Sharon","Massachusetts",2067
"0eaf6788-c012-5815-774e-b67fd1f48fb2","2018-04-22","","999-42-3638","","Branden904","Hermann103","M","Reading","Massachusetts",1801
"0ae6ab8b-ef46-2eba-eb82-8c62699fa566","1960-06-12","","999-48-4001","Mrs.","Millicent213","Rowe323","F","Townsend","Massachusetts",1469
"9fc439e6-90a2-030e-f7c4-156f566612e9","2001-09-27","","999-89-3953","Mr.","Julio255","Buckridge80","M","Framingham","Massachusetts",1702
"233cde08-3799-aa2f-1256-a9f03660622f","2011-01-04","","999-69-8187","","Junko239","Osinski784","F","Malden","Massachusetts",2155
"c436b070-c8dd-a91c-904d-58818b55fcb8","1927-12-13","","999-75-9564","Mr.","Ismael683","Nader710","M","Yarmouth","Massachusetts",0
"d78f1b4a-1ba4-b03e-6a0a-9014ca4ae8a2","1986-10-11","","999-64-2177","Mr.","Rufus33","Kulas532","M","Millbury","Massachusetts",0
"af8125dd-1644-fa58-66a0-b97846e34b44","1924-12-03","2014-03-02","999-89-9526","Mrs.","Renita685","Lemke654","F","Southwick","Massachusetts",0
"150b5304-db61-eb1f-60c4-f72f4045230e","1960-07-10","","999-90-1118","Mrs.","Merna69","Satterfield305","F","Lunenburg","Massachusetts",1462
"9aa40676-f1c4-547f-b8b6-b480a7cd917b","1979-09-18","","999-70-3357","Mr.","Marc757","Weissnat378","M","East Falmouth","Massachusetts",2536
"eafa2b41-5031-0299-7af9-85c5557fcb34","1950-12-13","","999-37-6633","Mrs.","Ariel183","Grimes165","F","Wellesley","Massachusetts",2481
"8d62a79e-a134-1cad-9c9f-4e39c17473ea","1972-08-07","","999-77-1243","Mr.","Garret233","Konopelski743","M","Salisbury","Massachusetts",1952
"5c0279c6-73ab-f684-a59f-196c3f7257e6","1976-09-21","","999-59-9932","Mr.","Jesse626","Hayes766","M","Everett","Massachusetts",2149
"0bab50a6-9f26-b095-a651-5704e621d436","1979-06-13","","999-81-6766","Mrs.","Clarine378","Lakin515","F","Kingston","Massachusetts",2364
"bee78cc3-6072-13da-a480-59cb9e56ae53","1924-12-03","2013-12-22","999-58-5796","Mrs.","Louie190","Daniel959","F","Southwick","Massachusetts",0
"2abc4a87-ff28-5114-52f0-46fb3d83df71","1924-12-03","","999-10-2596","Mrs.","Chieko845","Hauck852","F","Southwick","Massachusetts",0
